big	大	dà	大	tuā	describing
small	小	xiǎo	細	sè	describing
tall	高	gāo	懸	kuân	describing
short	矮	ǎi	矮	é	describing
long	長	cháng	長	tn̂g	describing
wide	寬	kuān	闊	khuah	describing
narrow	窄	zhǎi	狹	e̍h	describing
thick	厚	hòu	厚	kāu	describing
thin	薄	báo	薄	po̍h	describing
heavy	重	zhòng	重	tāng	describing
light weight	輕	qīng	輕	khin	describing
fat	胖	pàng	肥	puî	describing
skinny	瘦	shòu	瘦	sán	describing
new	新	xīn	新	sin	describing
old	舊	jiù	舊	kū	describing
young	年輕	niánqīng	少年	siàu-liân	describing
clean adj	乾淨	gānjìng	清氣	tshing-khì	describing
dirty	髒	zāng	垃圾	lah-sap	describing
wet	濕	shī	澹	tâm	describing
dry	乾	gān	焦	ta	describing
soft	軟	ruǎn	軟	nńg	describing
hard	硬	yìng	硬	ngē	describing
smooth	滑	huá	滑	ku̍t	describing
rough	粗	cū	粗	tshoo	describing
sharp	尖	jiān	尖	tsiam	describing
round	圓	yuán	圓	înn	describing
straight	直	zhí	直	ti̍t	describing
bent	彎	wān	彎	uan	describing
full	滿	mǎn	滿	muá	describing
empty	空	kōng	空	khang	describing
open adj	開著	kāizhe	開開	khui-khui	describing
closed	關著	guānzhe	關起來	kuainn--khí-lâi	describing
loud noise	吵	chǎo	吵	tshá	describing
bright	亮	liàng	光	kng	describing
dark	暗	àn	暗	àm	describing
beautiful	漂亮	piàoliang	媠	suí	describing
ugly	醜	chǒu	䆀	bái	describing
cute	可愛	kě'ài	古錐	kóo-tsui	describing
funny	好笑	hǎoxiào	好笑	hó-tshiò	describing
good	好的	hǎode	好	hó	describing
bad	壞的	huàide	歹	pháinn	describing
right	對	duì	著	tio̍h	describing
wrong	錯	cuò	毋著	m̄-tio̍h	describing
easy	容易	róngyì	簡單	kán-tan	describing
difficult	困難	kùnnán	困難	khùn-lân	describing
sweet	甜	tián	甜	tinn	describing
sour	酸	suān	酸	sng	describing
bitter	苦	kǔ	苦	khóo	describing
spicy	辣	là	辣	lua̍h	describing
salty	鹹	xián	鹹	kiâm	describing
delicious	好吃	hǎochī	好食	hó-tsia̍h	describing
fresh	新鮮	xīnxiān	新鮮	sin-sian	describing
same	一樣	yíyàng	仝款	kāng-khuán	describing
different	不同	bùtóng	無仝	bô-kāng	describing
noisy	吵鬧	chǎonào	鬧熱	lāu-jia̍t	describing
soft sound	輕聲	qīngshēng	細聲	sè-siann	describing
kind	善良	shànliáng	好心	hó-sim	describing
naughty	調皮	tiáopí	搞怪	káu-kuài	describing
polite	有禮貌	yǒulǐmào	有禮貌	ū-lé-māu	describing
smart	聰明	cōngmíng	聰明	tshong-bîng	describing
lazy	懶惰	lǎnduò	貧惰	pîn-tuānn	describing
busy	忙	máng	無閒	bô-îng	describing
free time	有空	yǒukòng	有閒	ū-îng	describing
safe	安全	ānquán	安全	an-tsuân	describing
dangerous	危險	wéixiǎn	危險	guî-hiám	describing
deep	深	shēn	深	tshim	describing
shallow	淺	qiǎn	淺	tshián	describing
near	近	jìn	近	kīn	describing
far	遠	yuǎn	遠	hn̄g	describing
high	高處	gāochù	懸	kuân	describing
low	低	dī	低	kē	describing
up	上面	shàngmiàn	頂面	tíng-bīn	position
down	下面	xiàmiàn	下面	ē-bīn	position
in	裡面	lǐmiàn	內面	lāi-bīn	position
out	外面	wàimiàn	外面	guā-bīn	position
front	前面	qiánmiàn	頭前	thâu-tsîng	position
behind	後面	hòumiàn	後壁	āu-piah	position
left	左邊	zuǒbiān	倒手爿	tò-tshiú-pîng	position
right side	右邊	yòubiān	正手爿	tsiànn-tshiú-pîng	position
middle	中間	zhōngjiān	中央	tiong-ng	position
beside	旁邊	pángbiān	邊仔	pinn-á	position
between	之間	zhījiān	中間	tiong-kan	position
on top	上頭	shàngtóu	頂頭	tíng-thâu	position
under	底下	dǐxià	下跤	ē-kha	position
around	周圍	zhōuwéi	四箍圍仔	sì-khoo-uî-á	position
here	這裡	zhèlǐ	這	tsia	position
there	那裡	nàlǐ	遐	hia	position
inside out	翻過來	fānguòlái	反過來	píng--kuè-lâi	position
corner	角落	jiǎoluò	角落	kak-lo̍h	position
edge	邊緣	biānyuán	邊	pinn	position
money	錢	qián	錢	tsînn	misc
coin	硬幣	yìngbì	銀角仔	gîn-kak-á	misc
paper money	鈔票	chāopiào	紙票	tsuá-phiò	misc
flag	旗子	qízi	旗仔	kî-á	misc
rope	繩子	shéngzi	索仔	soh-á	misc
stick	棍子	gùnzi	棍仔	kùn-á	misc
nail tool	釘子	dīngzi	釘仔	ting-á	misc
hammer	鎚子	chuízi	鎚仔	thuî-á	misc
saw	鋸子	jùzi	鋸仔	kù-á	misc
screwdriver	螺絲起子	luósīqǐzi	螺絲起	lôo-si-khí	misc
ladder	梯子	tīzi	梯仔	thui-á	misc
bucket	水桶	shuǐtǒng	水桶	tsuí-tháng	misc
shovel	鏟子	chǎnzi	鋤頭	tî-thâu	misc
net	網子	wǎngzi	網仔	bāng-á	misc
magnet	磁鐵	cítiě	磁鐵	tsû-thih	misc
battery	電池	diànchí	電池	tiān-tî	misc
magnifying glass	放大鏡	fàngdàjìng	放大鏡	hòng-tuā-kiànn	misc
telescope	望遠鏡	wàngyuǎnjìng	望遠鏡	bāng-uán-kiànn	misc
microscope	顯微鏡	xiǎnwēijìng	顯微鏡	hián-bî-kiànn	misc
thermometer	溫度計	wēndùjì	溫度計	un-tōo-kè	misc
scale tool	磅秤	bàngchèng	磅仔	pōng-á	misc
candle	蠟燭	làzhú	蠟燭	la̍h-tsik	misc
match	火柴	huǒchái	番仔火	huan-á-hué	misc
flashlight	手電筒	shǒudiàntǒng	手電仔	tshiú-tiān-á	misc
medicine	藥	yào	藥	io̍h	misc
bandage	OK繃	ōukèbēng	藥布	io̍h-pòo	misc
thermos	保溫瓶	bǎowēnpíng	保溫瓶	pó-un-pân	misc
letter mail	信	xìn	批	phe	misc
stamp	郵票	yóupiào	郵票	iû-phiò	misc
newspaper	報紙	bàozhǐ	報紙	pò-tsuá	misc
magazine	雜誌	zázhì	雜誌	tsa̍p-tsì	misc
photo	照片	zhàopiàn	相片	siòng-phìnn	misc
treasure	寶藏	bǎozàng	寶物	pó-bu̍t	misc
crown	皇冠	huángguān	皇冠	hông-kuan	misc
magic	魔法	mófǎ	魔法	môo-huat	misc
ghost	鬼	guǐ	鬼	kuí	misc
monster	怪獸	guàishòu	怪獸	kuài-siù	misc
fairy	仙女	xiānnǚ	仙女	sian-lú	misc
rocket ship	太空梭	tàikōngsuō	太空梭	thài-khong-so	misc
planet	行星	xíngxīng	行星	hîng-tshenn	misc
alien	外星人	wàixīngrén	外星人	guā-tshenn-lâng	misc
dream	夢	mèng	夢	bāng	misc
secret	祕密	mìmì	祕密	pì-bi̍t	misc
surprise	驚喜	jīngxǐ	驚喜	kiann-hí	misc
mirror image	倒影	dàoyǐng	倒影	tò-iánn	misc
whistle sound	口哨	kǒushào	噓仔	si-á	misc
puppet	布袋戲偶	bùdàixìǒu	布袋戲尪仔	pòo-tē-hì-ang-á	culture
night market snack	小吃	xiǎochī	小食	sió-tsia̍h	culture
bamboo hat	斗笠	dǒulì	瓜笠	kue-le̍h	culture
water buffalo	水牛	shuǐniú	水牛	tsuí-gû	animals
rice field	稻田	dàotián	稻仔田	tiū-á-tshân	nature
betel palm	檳榔樹	bīnlángshù	檳榔欉	pin-nn̂g-tsâng	nature
train station platform	月台	yuètái	月台	gua̍t-tâi	transport
convenience store	便利商店	biànlìshāngdiàn	便利商店	piān-lī-siong-tiàm	places
elementary school	小學	xiǎoxué	國校	kok-hāu	school
kindergarten	幼稚園	yòuzhìyuán	幼稚園	iù-tī-hn̂g	school
